id,firstname,lastname,email,password,health
1,shahar,baruch,demo@gmail.com,123456,5
2,omer,form,demo1@gmail.com,123456,5
3,yafa,shalom,yafa@gmail.com,123456,5
95826805L!b?xNK,Jilli,Bysouth,jbysouth0@reverbnation.com,bZ14652/Xl0hb@,5
20882925+N@4da,Francine,Giovannacc@i,fgiovannacci1@alibaba.com,gK85519_Ss7P=99U,2
52546880qP{,Sibyl,Rimmer,srimmer2@altervista.org,hK19986+kdFrP)@,1
64806936~(KDAj,Lonee,Ericsson,lericsson3@digg.com,"bD13769""~=(Y|",5
74231264wyZ?lqw,Dru,Handrek,dhandrek4@nationalgeographic.com,jM19245#t,4
31195768<`ZySpM,Missie,Deluce,mdeluce5@mtv.com,"mP64269,Ko",4
58629019f5l,Delora,Mattiello,dmattiello6@smh.com.au,vJ56580.Nl.ldN,3
65782581|e%hrV,Benjy,Ganny,bganny7@free.fr,oJ26709>,1
90674053,Magdalene,Dionisetti,mdionisetti8@51.la,fG34412#,3
94014159xTN<,Ilyse,Pillans,ipillans9@wikimedia.org,uG52373}joqLekT},1
98705950g5UfAim,Kelby,Krzyzanowski,kkrzyzanowskia@delicious.com,sX52841%kvlx&,5
95555534&zK|Zl$g,Lolly,Mansion,lmansionb@vk.com,dI33572*ub5,1
30334848},Uri,Bolver,ubolverc@ning.com,iF02715?tgEu%,1
51824019TWR,Audrey,Snarr,asnarrd@amazon.co.jp,"rG87727,8&Ex",2
63576124|)=!C9+*,Putnam,Morales,pmoralese@comcast.net,qT09706!,3
968414758J,Elberta,Insoll,einsollf@globo.com,cK20172%Q$0,3
95923125gQWez,Gates,Raubenheim,graubenheimg@adobe.com,kA29817\,2
44285871qZwzfF@,Kamilah,Coste,kcosteh@facebook.com,kG39806$YYM,5
706277460Vw%,Lanny,Emberson,lembersoni@g.co,oA10503*eh(!,2
95788439OdfX,Duke,McDonough,dmcdonoughj@symantec.com,lY68535>K0o1,4
"07233037EXF,W!",Suellen,Hallyburton,shallyburtonk@auda.org.au,hX40076.,2
43915263g.*K>{,Kissiah,Edmonds,kedmondsl@pinterest.com,hR87660>n|@,4
81685586Py`3e,Aliza,Jeandillou,ajeandilloum@shop-pro.jp,"wP29785,+sP?4>$M",1
99536889QqFue\,Diane,Riche,drichen@dyndns.org,"bA40834<x`""mi4e",5
44045531p,Redford,Pudsall,rpudsallo@163.com,dV20600<(fH,5
02692344YzQ),Arlena,Mobbs,amobbsp@chron.com,eS04676$'{~!*a,5
15916974,April,Leathwood,aleathwoodq@forbes.com,"aQ97823""",1
87462683n),Humfrid,Tisor,htisorr@reddit.com,"eG31728,0",3
79841601@gD,Nedi,Giddings,ngiddingss@wufoo.com,rS11387=<\,4
"21595600vz7""pIi",Natty,Mertsching,nmertschingt@tinyurl.com,iB36023|Ht{=8@g,1
47438101R06?,Licha,Bramich,lbramichu@intel.com,vC82030}K'hH,3
29281594K*,Lonee,Heigold,lheigoldv@aboutads.info,zU40841~eeF@YHB,4
"62642745""?<A.",Margie,Chupin,mchupinw@yahoo.com,oG63703@7Jso@Zu>,5
15523058rd\r,Maxi,Cuerda,mcuerdax@last.fm,oB72754&g5HD,5
65665850O#SJ=~7r,Aubrey,McLice,amclicey@vistaprint.com,bF65308{'gqZaI3},3
131623123WZJEqz,Maxy,Beastall,mbeastallz@google.cn,yV88624#/k,3
41231739,Fee,Ickovicz,fickovicz10@goo.gl,cC88472|oHPy|V,1
86087246.KJ,Anet,Stairmand,astairmand11@cafepress.com,sV25857>0GFI,3
77271398,Tabbi,Kingsland,tkingsland12@wikia.com,"eS07101|,j",1
79922144T%!80,Annie,McQuorkel,amcquorkel13@seattletimes.com,qU15900_Z,5
573773136vC06o,Desiri,Firbanks,dfirbanks14@yale.edu,dA49831*x_OZz,5
54383966J=_y7>X8,Bax,Lindro,blindro15@blinklist.com,uH99361`UF!,2
98881601dd+E\~d,Andres,Lindner,alindner16@scientificamerican.com,qD65678%QOrm/|N,2
36016324.1!,Gretta,Robberecht,grobberecht17@salon.com,jQ00409~,4
639114991_2L7'|`,Isidore,Pepi,ipepi18@ehow.com,bH79442~P.YGCh,5
44877232oBu3=,Malory,Duddle,mduddle19@google.com.br,"gO57330#W',",3
42954476h#(28Yo,Gaspar,Blencoe,gblencoe1a@nationalgeographic.com,gR62144},1
81698313NQY,Barri,Toffolo,btoffolo1b@usnews.com,cH13649/d&,2
89437630,Zonnya,Harkins,zharkins1c@accuweather.com,eN82638_te=!a(,1
"43820408ol~/CY""I",Krista,Lyokhin,klyokhin1d@gnu.org,"qE18810""pfeF~wwy",1
